"",".n","r2_lit","r2_boot","m_lit","m_boot"
"1",1,0.226619646975523,0.180237429820082,0.500746631664111,0.496089189061686
"2",2,0.240801276172233,0.182672583432753,0.556415077641213,0.533369977489433
"3",3,0.210376261108862,0.154495105247458,0.244103949258262,0.368874515357522
"4",4,0.32879362133627,0.133021825339569,0.661870200515503,0.479690366037126
"5",5,0.359721230643454,0.065834198008041,0.600162700477194,0.366129450289761
"6",6,0.0957669473133644,0.132302569440979,0.385598405332551,0.485724733776975
"7",7,0.292783332396929,0.263047537804894,0.577970026800846,0.610516263389668
"8",8,0.270133739684168,0.19201886795666,0.448283421485518,0.507214157773964
"9",9,0.336322984668862,0.196388838491891,0.61759214020965,0.531856035502657
"10",10,0.400824288522858,0.158793752863333,0.600045517009581,0.495641352062895
"11",11,0.072053943676585,0.177459405090925,0.29302750813113,0.5259431626869
"12",12,0.0819472938983634,0.204118743736741,0.300521636547001,0.587293941437679
"13",13,0.30560183771657,0.136031861539181,0.594882893275452,0.449007764911568
"14",14,0.339017079374992,0.175416952297656,0.54768509293419,0.503743732994012
"15",15,0.279043677463626,0.152265644776684,0.539124692567882,0.479747746658484
"16",16,0.336201486975063,0.173069000487727,0.257624904133704,0.35385732784141
"17",17,0.219887407074164,0.169772884674456,0.705127472482806,0.51920804021922
"18",18,0.036774804421758,0.138288888587891,0.240512301809194,0.506651972473893
"19",19,0.313969674376452,0.227433799885199,0.641998218146213,0.550001687167138
"20",20,0.346768966007395,0.128957634145269,0.594843116417444,0.43400818807108
"21",21,0.0296628592257805,0.123271266107279,0.23847352850607,0.476062501008302
"22",22,0.407052009798446,0.135726731422904,0.755449861877408,0.461403472618363
"23",23,0.301873957344672,0.196819939515688,0.691064359900535,0.532967578616674
"24",24,0.299491462658345,0.184099946578198,0.463788507538294,0.474023321772356
"25",25,0.301081669767533,0.126172147148844,0.599225716576177,0.46447216392296
"26",26,0.00449300634522298,0.197662325375125,0.164812887954647,0.552854519521672
"27",27,0.115983008689813,0.136348448109459,0.310904190367584,0.440045549641726
"28",28,0.182370053104161,0.248819675304983,0.431529611957421,0.60738684341937
"29",29,0.44340683186599,0.200697350501028,0.634593745681154,0.498459162145041
"30",30,0.413021593442191,0.146872412704179,0.768606846584603,0.455382091638736
"31",31,0.21164604549843,0.159220404808335,0.518234458793885,0.511150313982496
"32",32,-0.034472092491787,0.246007565184266,0.103484673834097,0.586664888789609
"33",33,0.184989364289995,0.159113047466398,0.227674820825826,0.399103557909909
"34",34,0.302122322028957,0.0938107736409405,0.637616445679533,0.428223543410761
"35",35,0.12122481027425,0.169797907990658,0.427124433598643,0.502384386013081
"36",36,0.255502571481771,0.167232067390127,0.497382492352624,0.452336361994646
"37",37,0.236573798830531,0.204895832724182,0.532750288556675,0.560716919916732
"38",38,0.320777077873391,0.235597743455037,0.503292998565621,0.537538074165998
"39",39,0.29996104169487,0.142063273293411,0.797661664147862,0.476647193541507
"40",40,0.239715981426868,0.207801526490604,0.475817979783576,0.559558849760633
"41",41,0.0540578205350292,0.183056818828767,0.288947509522768,0.547686032845596
"42",42,0.303097364412496,0.178185617775331,0.633502593800407,0.541995006126943
"43",43,-0.00469612647480511,0.0881068638522682,0.207019924576855,0.433984223979228
"44",44,0.297771849150228,0.125446404985912,0.6772633249922,0.474590725113099
"45",45,0.274717260664493,0.132638463632913,0.512526827305851,0.46568053621243
"46",46,0.248214210743626,0.217001484617422,0.275170142250835,0.428652634542205
"47",47,0.295286017999246,0.176394636200102,0.584504886714635,0.527441017296165
"48",48,0.350503919215384,0.134042482378273,0.619912753915618,0.446793685707919
"49",49,0.434202913254222,0.214502753544909,0.633027061373581,0.533514439371455
"50",50,0.179003562652566,0.118385656783211,0.442233668043112,0.43927950277164
"51",51,0.0230793183956902,0.131408315870301,0.308143097097862,0.499969630618598
"52",52,0.109234889697758,0.191560957820601,0.487326596354347,0.558658284488259
"53",53,0.355805964163152,0.195638674562454,0.691959987081685,0.530419253658352
"54",54,0.155177477337235,0.164330604503794,0.423601669840316,0.490375866424495
"55",55,0.0903277247589351,0.156981647690446,0.367898694632708,0.522421763596789
"56",56,0.0188921470181082,0.243836694589108,0.216467526114295,0.594934999136791
"57",57,0.22454052577344,0.139383750720137,0.575361914104958,0.467544685816016
"58",58,-0.0387130295006799,0.148741161792567,0.044782858293,0.485665623350602
"59",59,0.282662894495714,0.152761210573994,0.638827260468513,0.491702747562254
"60",60,0.279606474047908,0.127950142420917,0.646463822369211,0.472575696363205
"61",61,0.294034748683344,0.184084041959114,0.459707332675838,0.504399292825379
"62",62,0.336691498947404,0.196549338512131,0.587345636184927,0.518758097159116
"63",63,0.0828305036423661,0.14754468316677,0.340263128722046,0.488030296470928
"64",64,0.130422567948826,0.118175712905298,0.42967264735919,0.436914426606035
"65",65,0.227592627439693,0.126575386957815,0.470220194617935,0.428372145833255
"66",66,0.328646676072642,0.0834205795366978,0.641417920873483,0.413751887768549
"67",67,0.331853476932352,0.163498532969271,0.66255235907856,0.503996999690052
"68",68,0.0454330405663717,0.0975184488902034,0.284218426543712,0.442454171383739
"69",69,0.127902556198805,0.145868580782947,0.355610213661901,0.473259452015904
"70",70,0.214340286937081,0.174216744529084,0.236022162430449,0.407603064411331
"71",71,0.185111289104336,0.195682199589883,0.467257535077641,0.529219352098997
"72",72,0.0906189430377777,0.121949284637671,0.353696674377572,0.466368878447769
"73",73,0.431654174758667,0.117703633949761,0.813455683123842,0.442766677177555
"74",74,0.0570918736508115,0.1999285152233,0.264838772691153,0.560275618398285
"75",75,0.400941288493607,0.171783353123849,1.04197105091893,0.548135923972189
"76",76,0.266407884415888,0.199303646683829,0.501962147721131,0.586953926011964
"77",77,0.23697446657884,0.215401374634626,0.25037877619076,0.432047440416432
"78",78,0.135319974048985,0.126923246935496,0.452531872782657,0.453957623478788
"79",79,0.210419189835461,0.150510567834236,0.463619888300612,0.478813827600986
"80",80,0.178801466970785,0.15687196387913,0.56574901208408,0.502370096179642
"81",81,0.110012645106194,0.236165818745326,0.489407449357481,0.612314674088616
"82",82,0.235920716699533,0.159297209598506,0.438557739703673,0.464449071937836
"83",83,0.299342074188339,0.19528313943801,0.735516531752004,0.569613397395508
"84",84,0.266288977670039,0.234419252212555,0.429945182411181,0.539046485322052
"85",85,0.450222732942609,0.161769721783973,0.979724443350428,0.511149773448418
"86",86,0.162996604074252,0.09909109310961,0.536360098900869,0.400454221814668
"87",87,0.127866226654895,0.147422671447364,0.459367383641261,0.473439724319224
"88",88,0.340516244771354,0.152673202366672,0.765489201308232,0.514794770331537
"89",89,0.264055010157719,0.199226791310227,0.267020929290181,0.429573952015247
"90",90,-0.0132594329967313,0.213420875063241,0.161113882781065,0.581121651482813
"91",91,0.364451829743848,0.129803280357217,0.71980071144823,0.437491104691881
"92",92,0.181532769997229,0.239571670812348,0.535330260170334,0.59556289074728
"93",93,0.398043823454209,0.188390396980059,0.579394687539418,0.490237929570019
"94",94,0.309143835866046,0.172898893230066,0.48891109942598,0.472816165945451
"95",95,0.185260522929743,0.17202569470758,0.422776327533394,0.512114864591413
"96",96,0.370603433227393,0.152648277675637,0.642460569479412,0.455678240107645
"97",97,0.0851524589251101,0.117635691506219,0.412769201956755,0.450751813341227
"98",98,0.0385862741868288,0.106659140050049,0.286962458251999,0.46251115053784
"99",99,0.231358257678633,0.159151719162242,0.235770296602128,0.360082757472506
"100",100,0.209561144651295,0.183386270767965,0.489595777822493,0.528832158666388
"101",101,0.230839492515041,0.172077205071916,0.499094138870445,0.505581740253109
"102",102,0.216058179122471,0.142811588042347,0.490018703075665,0.480052476945996
"103",103,0.0139091591967537,0.26508560684968,0.190614221660856,0.600081328229826
"104",104,0.232385384000067,0.169139756553461,0.464299112686033,0.494688757135198
"105",105,0.288446355069739,0.221758616275505,0.616291785454221,0.573715602351968
"106",106,0.103063512513485,0.1248713955682,0.399794319872407,0.473663222585444
"107",107,0.224171630844522,0.129910328621879,0.350448543384762,0.443301325599454
"108",108,0.230975657559209,0.215600452050367,0.635979482414469,0.603961970000533
"109",109,0.231968484645021,0.263630163663772,0.214297256114727,0.439151438956019
"110",110,0.218394412946603,0.226856906494572,0.521365919987555,0.536566634429935
"111",111,0.422725691548666,0.22391387412859,0.563980491154589,0.518466434398604
"112",112,0.10436555184251,0.169621463035596,0.218967858623069,0.45305057967242
"113",113,0.22747867774069,0.173724919063186,0.566824671949777,0.523359559262744
"114",114,0.0192357529442971,0.151758567885316,0.222406191807449,0.530429889954138
"115",115,0.126909868190303,0.156430974546946,0.223261952278569,0.432849479374846
"116",116,0.0570108894712443,0.202884244353476,0.310947349507627,0.565201035475256
"117",117,0.313122524387413,0.16511566985807,0.652563598539137,0.495807826246826
"118",118,0.305504989170386,0.142388271719346,0.580831598565034,0.445627748480439
"119",119,0.29255219556455,0.12941589193176,0.665528157666261,0.469909568999956
"120",120,0.266129739612538,0.146159445250068,0.461141982700603,0.467064728510398
"121",121,0.177323051364607,0.20141775400456,0.474225695499961,0.542920498404994
"122",122,0.262961448632976,0.0820364668382849,0.576175778768205,0.392896869132445
"123",123,0.306084218682122,0.227436077904586,0.708764898399238,0.581800543004638
"124",124,0.259880858092971,0.255871749363237,0.484336920248745,0.596126053622106
"125",125,0.185893083279508,0.195097105281496,0.433702682788772,0.516922177270424
"126",126,0.137510867511789,0.125221252343139,0.453985755251471,0.499402605902404
"127",127,0.208816422771982,0.227752035728193,0.537672086397018,0.567832242159235
"128",128,0.343382529231348,0.126381380516582,0.708443038433913,0.441513296088942
"129",129,0.130656754736498,0.179720441507802,0.17817596324434,0.397033568027502
"130",130,0.239930706242349,0.187543805102063,0.441321367102232,0.512358219703799
"131",131,0.462315741290704,0.137037179185385,0.801295124392857,0.470651098764655
"132",132,0.112339087703529,0.171294567378038,0.399073825694046,0.519381042507539
"133",133,0.215202200236525,0.163387893735497,0.477389605147395,0.461666941501023
"134",134,0.281888868793067,0.123199493689801,0.520259928324715,0.441878775983289
"135",135,0.328771484261308,0.130659268481493,0.615160912465487,0.447164032143528
"136",136,0.135843887536841,0.192037381028074,0.361980600693299,0.549519298321256
"137",137,0.271139888906442,0.170911335127682,0.467202674796168,0.478691053650545
"138",138,0.255994730249922,0.197675960456016,0.505501470985207,0.505631741552136
"139",139,0.0675671140722353,0.130584005712138,0.399791270154278,0.49863756697896
"140",140,0.0460001157529432,0.240342925445143,0.255617058384997,0.605443406664411
"141",141,0.00317412884729029,0.239588485454609,0.189181847311531,0.602792850211578
"142",142,0.0685357454155563,0.096892499355675,0.268855555938634,0.431633495529123
"143",143,0.0597082554392496,0.198940596142895,0.292082691832176,0.549192188679621
"144",144,0.144191237370297,0.0864462135821871,0.219701810884623,0.316966317749822
"145",145,0.206017873310381,0.195874128529045,0.475563767859897,0.508722061383313
"146",146,0.0773071135373803,0.169427981873172,0.386666384824821,0.565765136708814
"147",147,0.197711271409271,0.0724839693187557,0.544494981172843,0.392444284624739
"148",148,0.287813168192376,0.145432442942062,0.496456915226984,0.451580401735006
"149",149,0.302018555230091,0.200750363489827,0.530573106909462,0.515076971443403
"150",150,0.164316403588488,0.0989521799709808,0.238858768660401,0.34034957149396
"151",151,0.416147308236657,0.12688897390231,0.683189213874723,0.448088913028246
"152",152,0.234595583889299,0.120559904639859,0.445854011281256,0.436012534513685
"153",153,0.185723476569069,0.196587813441754,0.215525007224334,0.432046841016631
"154",154,0.289868237866585,0.133471328204707,0.556928204047212,0.428532650280421
"155",155,0.306231997382391,0.201845343145345,0.674509288193618,0.560587319459176
"156",156,0.325998179455903,0.176023511764829,0.531567093590114,0.494892285627492
"157",157,0.235934654173486,0.0992054380665381,0.254080537843677,0.308816736767877
"158",158,0.118244354400068,0.134819995108307,0.188327416314692,0.390099075104475
"159",159,0.412585694845542,0.187676770602063,0.56216806730046,0.512468487733313
"160",160,0.139578860750448,0.189024919562907,0.214260403637095,0.441915263521073
"161",161,0.35469968876041,0.0839286996868309,0.595759889226636,0.371512167701994
"162",162,0.0674100308996078,0.0734367175869086,0.334468992712373,0.428579925484937
"163",163,-0.0206328787908814,0.13238603234366,0.124706887961109,0.470990092878174
"164",164,0.375667336986598,0.102016386129006,0.59142366655377,0.397252345755503
"165",165,0.122618429370897,0.211268967985605,0.195102730645566,0.453818097882906
"166",166,0.0375534154767704,0.167965277878697,0.13286948745824,0.457615902369921
"167",167,0.0412115601993771,0.0697141263094921,0.153320281411483,0.341184536709348
"168",168,0.261867171502725,0.195524257518869,0.553413094578535,0.551208983450548
"169",169,0.285476616806347,0.161705745387936,0.717400830808824,0.511082657397356
"170",170,0.209320684895886,0.102190251007968,0.451933841786278,0.444563316557187
"171",171,0.379157152613081,0.204617689446056,0.58300419704814,0.49744296768534
"172",172,0.13715720006496,0.235069958255503,0.38084280585302,0.608500467772214
"173",173,0.348293707702341,0.125251903046393,0.589646864662426,0.422756870173096
"174",174,0.296962587269562,0.0854850389023022,0.510998675725678,0.378874525211757
"175",175,0.336258214268323,0.155594181614127,0.637244869545175,0.456770553196771
"176",176,0.208123619751875,0.227872102181818,0.224956112503773,0.427198717389128
"177",177,0.0238278140098701,0.0942991667204268,0.264915949832647,0.450256227769131
"178",178,0.204533905292289,0.193653030256719,0.203783165726268,0.391898212177114
"179",179,0.0960716328272476,0.230286158630051,0.321047812068364,0.555897766259117
"180",180,0.291470370246025,0.183697110191077,0.71801581713275,0.548850223623508
"181",181,0.0897529294900712,0.116467659034912,0.343573878254841,0.465243237882636
"182",182,0.223288658427247,0.186013534144268,0.449855919684886,0.523398900079453
"183",183,0.0343224034078011,0.114170628913858,0.213722973727544,0.435759793791647
"184",184,0.250194436159925,0.118014972279292,0.55078967548091,0.460198650170804
"185",185,0.340403626253143,0.156706266281281,0.666589343367967,0.484791220299484
"186",186,0.220021490142113,0.158032595493473,0.403185026794932,0.494666007941648
"187",187,0.0420192927142897,0.205549761754204,0.240401156026376,0.574028706379723
"188",188,0.293649386211713,0.132399445542129,0.65383245421411,0.456215031752627
"189",189,0.164357312893906,0.136578396776246,0.237487228460936,0.369445673734375
"190",190,0.300755764481291,0.247888517498027,0.571549015493415,0.597751805740171
"191",191,0.160757634390656,0.138724376561868,0.57373155612639,0.519222954090873
"192",192,0.303657098953141,0.133270464367911,0.598052229968113,0.47805894589066
"193",193,0.123668382846157,0.189336654767429,0.382341668096618,0.580605636360856
"194",194,0.291943458029212,0.123452329906715,0.523227309288923,0.436715158642183
"195",195,0.145154622499975,0.183117714864489,0.449291446851834,0.52002318831819
"196",196,0.0166708172380791,0.204732542577075,0.244779564470185,0.607193660439094
"197",197,0.153171576004464,0.155233478734307,0.218575792484061,0.409743499876113
"198",198,-0.0125388708457503,0.21232500435299,0.169247582134816,0.568569195684212
"199",199,0.260286426767329,0.168849338335423,0.624514215844437,0.494359888007891
"200",200,0.289118978030563,0.167305171119849,0.628836056820972,0.533454795640016
"201",201,0.163959499688626,0.208491775521794,0.551763451884602,0.565705434672401
"202",202,0.329488036977317,0.2374752621636,0.534531522751741,0.568944015670308
"203",203,0.286381167854364,0.0865898772042453,0.560539360780428,0.366182514205258
"204",204,0.380524548749042,0.123852502686673,0.777054907711148,0.463289767272824
"205",205,0.20199865615923,0.143760433617191,0.467618763009201,0.492125383305246
"206",206,0.17397413118267,0.175719728331534,0.355422412689124,0.483908296553228
"207",207,0.406469651159013,0.212931533040576,0.796900453075909,0.552375938272208
"208",208,0.283639004006111,0.121019500502691,0.607751139598507,0.454069886446077
"209",209,0.222731821520823,0.201216528746517,0.445578111416511,0.558886627464891
"210",210,0.361789105974371,0.148169049143738,0.665841024626428,0.457946206055544
"211",211,0.333482114988028,0.129599891178769,0.497354293789718,0.43816564247412
"212",212,0.284930228785253,0.0948495996084276,0.569945853397461,0.418367011243634
"213",213,0.239762430241454,0.212980667017478,0.462511990403509,0.552878582416815
"214",214,0.402265957096663,0.136165736434057,0.615141617947785,0.444736368546496
"215",215,0.277262742132966,0.19889122912919,0.595218997457483,0.520908909726232
"216",216,0.0995121901633667,0.161339860617801,0.359583952141305,0.52077692554533
"217",217,0.119949545251515,0.158166825456901,0.173021833361008,0.386720503892093
"218",218,0.302238966687171,0.209192348927775,0.542521711057393,0.546482934037388
"219",219,0.181065826422173,0.231991537831852,0.424899085760394,0.579639197523438
"220",220,0.277700159260894,0.170647132867895,0.522877114781668,0.500840434055151
"221",221,0.375829563774212,0.124769158070511,0.58414434785394,0.441138275606261
"222",222,0.10166421700776,0.233489884855835,0.359050201919216,0.554758594890069
"223",223,-0.0145643429947413,0.140738103210048,0.15865832802568,0.515189332251173
"224",224,0.426556519664912,0.237534192084909,0.554593437870635,0.531168513119447
"225",225,0.376742414753238,0.116567654473593,0.91654096857718,0.477376630509896
"226",226,0.249835954222445,0.231712107571146,0.635035297471908,0.584425259469339
"227",227,0.340281456948691,0.129615920554143,0.719653799969397,0.426837818914224
"228",228,0.219909160071273,0.199262306641525,0.458065815748853,0.529537377940769
"229",229,0.189123528228958,0.0738661766197418,0.260129246044596,0.312287308636877
"230",230,0.394220294611846,0.157300345075233,0.633386037121759,0.470356798777724
"231",231,0.109762420249356,0.128145168871266,0.420195371914511,0.479077501542532
"232",232,0.199385352959611,0.213757862799824,0.237204319047641,0.430820026552161
"233",233,0.225455685917274,0.141314560998034,0.459258004387805,0.441868685922678
"234",234,0.219575714741337,0.146317786078293,0.539273266244219,0.491647877897931
"235",235,0.0463064132868749,0.161207196286283,0.254536983560741,0.499450838253123
"236",236,0.20524804871075,0.134678504370469,0.237840207912941,0.347329446589157
"237",237,0.178949702790671,0.0657827385987417,0.271874972854221,0.297163710830949
"238",238,0.0904850416022868,0.0989598334660686,0.315300339237583,0.411956345798623
"239",239,0.198601240429416,0.15497136628879,0.443504992363239,0.469419870121288
"240",240,0.0767477199990356,0.121976173118187,0.401948849760407,0.478299379731138
"241",241,0.342759178984695,0.176990158835405,0.779071794499895,0.505766328428324
"242",242,0.191061534992567,0.177413569511653,0.416800171382603,0.495326544213788
"243",243,0.115654339635479,0.171911081713708,0.436166522553147,0.531938627809975
"244",244,0.000545424207706868,0.146403692549944,0.167878014500686,0.506763578591511
"245",245,0.177633149982776,0.174954002976347,0.634217534036534,0.499513297098773
"246",246,0.315051052051976,0.230946790994264,0.552686945336384,0.51982832380958
"247",247,0.152431922099448,0.142073169010192,0.220614803802917,0.384788903902947
"248",248,0.314242128161179,0.0769975605041833,0.626555761493588,0.377527946004352
"249",249,0.184120391398762,0.207011949411372,0.603136353627086,0.544532806747292
"250",250,0.146732255215725,0.129447979417915,0.432605126013213,0.456752978552538
"251",251,0.0210771005235174,0.102231757904407,0.211054847311607,0.439778094000656
"252",252,0.190494473701529,0.116577687884413,0.470491544281444,0.470044371847618
"253",253,0.34633517506122,0.154352660608817,0.636504738095448,0.495629644957501
"254",254,0.268667941444326,0.122343004899479,0.571500707731134,0.457182704971426
"255",255,0.182492192388813,0.121287262245726,0.514191369959723,0.432509631954347
"256",256,0.0186489972566038,0.157651175780362,0.213010728570728,0.51060079522533
"257",257,0.200277759955531,0.1286771361426,0.444381106206837,0.45328990523158
"258",258,0.0137874273151195,0.180329025776048,0.246821741662582,0.554643438119022
"259",259,0.257344123315039,0.105223271102177,0.651108988214292,0.433404824539905
"260",260,0.235331324581869,0.177927781503757,0.419162362236962,0.48988217499107
"261",261,0.263367519306031,0.182155975547205,0.27869279511975,0.390166909723698
"262",262,0.0959296934545225,0.201483078838162,0.33645070888268,0.553454561006719
"263",263,0.132626379734254,0.240305215952478,0.455731494848141,0.596011490516078
"264",264,0.174005853128502,0.183152162978274,0.233556686726535,0.426081117212868
"265",265,0.142002361785312,0.1428894720575,0.384016491143889,0.472768004581699
"266",266,0.273484537560817,0.228806051794077,0.589051489089406,0.563551815383227
"267",267,0.157046773194659,0.148840138347092,0.507427214277904,0.469406474775696
"268",268,0.237812752395123,0.122764135183253,0.652544727302843,0.476517872841362
"269",269,0.440226480059844,0.166758757214727,0.711359541242077,0.516379418510226
"270",270,0.0421764959863975,0.0845298119558917,0.279620986545259,0.434248492948276
"271",271,0.0556754576053152,0.140195413355821,0.326914552476968,0.494833093027772
"272",272,0.115524210420999,0.233660693254372,0.325860080562477,0.550684627977422
"273",273,0.381041080829561,0.178835108661183,0.689809632619033,0.542331666699117
"274",274,0.142381742209731,0.0671984573030885,0.238901935970542,0.30194816918909
"275",275,0.230859476280432,0.0922929109558621,0.549755140590226,0.395936248162468
"276",276,0.161172255433186,0.159094509008638,0.529294389757001,0.497001933691638
"277",277,0.222602912686599,0.206676024107496,0.465734121525023,0.513588298421367
"278",278,0.171262156167778,0.141835133919362,0.523716462405784,0.481698829398438
"279",279,0.384508220900814,0.249461972860259,0.752121198764151,0.613573801860936
"280",280,0.202052149587559,0.192131677533435,0.487669375151739,0.578457180500874
"281",281,0.232634394993388,0.161711105462806,0.496588524616567,0.507628454765743
"282",282,0.344411499129394,0.13575412714434,0.695613039417634,0.451693665350037
"283",283,0.357755512088278,0.186459791943261,0.494656564319695,0.481769752651782
"284",284,0.23643407297377,0.199586938338837,0.431585887279452,0.496053217523389
"285",285,0.00422211555952201,0.253067168004331,0.189716796220483,0.608446685647373
"286",286,0.133356756410215,0.147324369905972,0.379200611241561,0.492548010546593
"287",287,0.313520926942527,0.107165563248713,0.579189228294777,0.407772443886677
"288",288,0.296041451100517,0.238050964959981,0.735774564545952,0.595867980745573
"289",289,0.163075473294838,0.177005580764196,0.192758989040293,0.374940718567523
"290",290,-0.00726665471720356,0.17460994264998,0.202363773042461,0.562492005556966
"291",291,0.0517580493543738,0.148175257962231,0.257798642219072,0.513012330487807
"292",292,0.154079008474422,0.105536660443517,0.215926223460501,0.332132340537193
"293",293,0.265159160447042,0.107949265232216,0.669063510510154,0.429232689134354
"294",294,0.231992303676754,0.143865281152581,0.463662046005392,0.49721086054722
"295",295,0.154364739902753,0.11466430683142,0.427150502011732,0.456301940831485
"296",296,-0.00519245934732915,0.183682009555416,0.178646357826664,0.570034695664056
"297",297,0.148712264370047,0.147420581353266,0.440031155271121,0.503393329216127
"298",298,0.0880730730728925,0.197209385720564,0.385481308245598,0.55580886414381
"299",299,0.131426241165811,0.194065447343969,0.173658784502861,0.421639149731621
"300",300,0.359342783039738,0.244645090371872,0.668168674126091,0.594377573137825
"301",301,0.228987634816173,0.139245490618181,0.42760808301143,0.459707977185586
"302",302,0.132643744908661,0.193328915488879,0.491105759059871,0.570193834523348
"303",303,0.40397513809307,0.13044172037466,0.628855303392265,0.448142404601311
"304",304,0.0714855820087257,0.153707446601556,0.316119621779756,0.506014598818478
"305",305,0.0136147650401561,0.124692650716056,0.221352701517422,0.466688540910114
"306",306,0.157240937796174,0.126189113212786,0.442414370765822,0.455025791995439
"307",307,0.159334660882233,0.173875240620617,0.472803572656256,0.508494154544154
"308",308,0.267395668177859,0.260093648165462,0.468055377068635,0.568771938962104
"309",309,0.434460723445779,0.135803160177286,0.761861574186514,0.445067255743155
"310",310,0.296346201766161,0.151439198642107,0.522064430294483,0.466491849512489
"311",311,0.320005224490048,0.241926170723217,0.572689483215902,0.599968078777539
"312",312,0.185198972554006,0.257290609691439,0.247929394179745,0.481682753204764
"313",313,0.206057003642367,0.221030934251678,0.447832453270191,0.549326558354453
"314",314,0.0864465804578359,0.122058961351209,0.168346603352557,0.376172288427399
"315",315,0.143551040929042,0.176597586103915,0.187683841218609,0.403173313179668
"316",316,0.123528719074258,0.122033342203203,0.400016910845043,0.471981546275692
"317",317,0.0109802806616738,0.119481788607482,0.191148600495182,0.45626278426332
"318",318,0.108695214762042,0.21679794786338,0.32672615533899,0.571690225068024
"319",319,0.155472590340751,0.164759434623681,0.234218756615701,0.43352850827292
"320",320,0.3796008299709,0.189931508978829,0.555084887733958,0.493623238176579
"321",321,0.331396656935036,0.128635342417465,0.770669760543372,0.474131406907023
"322",322,0.222491164511491,0.0841807877909323,0.251892357436666,0.290670988256878
"323",323,0.309700340046845,0.231449249149672,0.525302489565931,0.550934701553496
"324",324,0.347389122532859,0.127365564848564,0.820946410725512,0.470753555167826
"325",325,0.240304856653304,0.180018442381348,0.616867633306955,0.523426389114624
"326",326,0.278056140118446,0.163873749747456,0.506290159143245,0.522674505787187
"327",327,0.380982033685092,0.158522246076829,0.746429738858679,0.496188845585649
"328",328,0.388264813575653,0.177094322034373,0.83603246554795,0.542400535585187
"329",329,0.192687683768289,0.254783613044373,0.504530543747303,0.545480891817446
"330",330,0.370053080625763,0.194516806147716,0.638793533196473,0.536714813770493
"331",331,0.192697022087682,0.131149791896159,0.570902923753503,0.480010993959939
"332",332,0.492229183329272,0.135232311607273,0.762750880349222,0.468980229600751
"333",333,0.157936410011551,0.11547828012411,0.415323831617433,0.469027055962908
"334",334,0.287051558568315,0.159351782327665,0.532296857360987,0.474937965059311
"335",335,0.24469824408747,0.12060597503339,0.478847180714078,0.446963079111938
"336",336,0.132275708506691,0.0914888010286043,0.366033847606464,0.397496267109417
"337",337,0.274466840919322,0.203266693534062,0.58432517649904,0.512898286109171
"338",338,0.412547543913304,0.196237682677313,0.72518875669952,0.505226524555208
"339",339,0.231332125666906,0.163591654544033,0.477232645848637,0.491541283076399
"340",340,0.0726413807034525,0.118751450345063,0.140595969069007,0.334772751849371
"341",341,0.168761338946871,0.196265870516958,0.471371122121359,0.554819091375828
"342",342,0.340477110173155,0.154576580156327,0.788126373999887,0.521563415912507
"343",343,0.0996280927047786,0.241356645142092,0.367654291828662,0.613682039448634
"344",344,0.141629337077304,0.143420331565904,0.383638470272152,0.466089975863971
"345",345,0.311645843818038,0.192074496617261,0.731071680442343,0.549700838999736
"346",346,0.394737752925701,0.166282903837597,0.719879010135135,0.48011664147812
"347",347,0.292669996588138,0.212290943212906,0.484975975044473,0.515891816752066
"348",348,0.21894225148421,0.147559229817125,0.486016759247398,0.491191915248282
"349",349,0.0948099877378537,0.160535100010645,0.480807363648418,0.513822825543241
"350",350,0.0106841345487485,0.0612024323469563,0.12392981265147,0.320169879547849
"351",351,0.251835068580874,0.242347942637199,0.589946146258422,0.589461648223589
"352",352,0.278998470300606,0.154869545305924,0.525916632433733,0.491940348212654
"353",353,0.183215437081126,0.13147882407927,0.234668505103791,0.355516321331565
"354",354,0.177600217940797,0.133279128783559,0.488494946587572,0.463112155588435
"355",355,0.196841478876255,0.138793088875228,0.471767406900067,0.488599395601821
"356",356,0.26551937358165,0.147760134321456,0.538777462565325,0.480477141116773
"357",357,0.245115097414205,0.205823861455058,0.567942297440948,0.534784069474531
"358",358,0.280679555103045,0.146275424051926,0.569756054329255,0.467764893092437
"359",359,0.271650820750157,0.147421011820755,0.485064457930965,0.446948423855367
"360",360,0.0174448851708028,0.175660981383083,0.210222715398004,0.549533554049189
"361",361,-0.0198180236827872,0.137076244124792,0.134418008067303,0.506386201737984
"362",362,0.231088221149097,0.168182278685555,0.438176996604916,0.497585859213027
"363",363,0.181314844084644,0.176787204756151,0.550445373287705,0.523124482696197
"364",364,0.330964999984054,0.234366953782006,0.579048239434067,0.539320709186389
"365",365,0.343794255889388,0.214686920723131,0.660324021444809,0.553829915823151
"366",366,0.137328859234083,0.161866301535931,0.429875703460595,0.508834441716226
"367",367,-0.00396996162371477,0.121034629173208,0.21702404574106,0.475678066534616
"368",368,0.185583769303053,0.255966536373147,0.369248702487543,0.54747148817912
"369",369,0.161723954545717,0.161497840577394,0.476475914096741,0.523214349441135
"370",370,0.24807800819056,0.190928945298282,0.519648542189752,0.538577911494273
"371",371,0.38204284473701,0.145329333842531,0.612288711430584,0.46767438962637
"372",372,0.140500857132555,0.139477295743702,0.20041393652713,0.383226510872894
"373",373,0.221367154646964,0.180508780397944,0.432807717150368,0.499911239691707
"374",374,0.151087540579034,0.271004715520755,0.450768411287183,0.610152854477235
"375",375,0.344073862170259,0.127423661529175,0.573873157825884,0.429939783316827
"376",376,0.284051617520798,0.190430510202518,0.476360579977313,0.51701271507366
"377",377,0.272992901969559,0.147326426914829,0.527780335774832,0.487931875064299
"378",378,0.0788249263390988,0.159492628581304,0.342806878635845,0.512548900386848
"379",379,0.251130596300411,0.111070056888073,0.473723102606785,0.434848215423725
"380",380,0.110529237507011,0.181523611354608,0.343265313993363,0.528593218235394
"381",381,0.293688589640318,0.160731849618034,0.465720968674097,0.440276589706085
"382",382,0.042754878524388,0.143592208863159,0.247167130350951,0.487470421328169
"383",383,0.270068886151166,0.161248309847571,0.780071352486401,0.52226976431096
"384",384,0.356608852589056,0.125428916715024,0.701232345477207,0.444271664383116
"385",385,0.227869536728962,0.182959677614901,0.434823147559712,0.523705367139462
"386",386,0.242271236909006,0.16212534841234,0.514735129428339,0.452713132737835
"387",387,0.317089904157878,0.146592913332996,0.579366444112132,0.466283016839296
"388",388,0.0216046889186604,0.211819159038393,0.267312023345134,0.585368622580996
"389",389,0.137901067498417,0.173917270185096,0.492841529222514,0.542430898419876
"390",390,0.2389351602931,0.178819219183433,0.53737847404104,0.517185159020929
"391",391,0.213031117383547,0.14903587970789,0.529036023048266,0.480107027798101
"392",392,0.190477159729663,0.163947380566049,0.4406128043945,0.4964133610958
"393",393,0.356816789842695,0.144636518121644,0.54205851223801,0.454960849098185
"394",394,0.171927524856928,0.202486061909048,0.425512978313366,0.518908978839307
"395",395,0.199063045420124,0.136936340833929,0.469433487985183,0.486950276330164
"396",396,0.436043638846452,0.154820448803153,0.739361463571929,0.496752438686875
"397",397,0.0171879461532831,0.186574729159618,0.239928354308118,0.564399668966816
"398",398,0.29998158784868,0.172583574132334,0.804637212478694,0.530006077678547
"399",399,-0.0185048098571667,0.180077866682909,0.144284451136209,0.53610425519286
"400",400,0.135529393336703,0.137682761568363,0.388238255503038,0.470269526252233
"401",401,0.0549136082451466,0.156993022142527,0.183460371311806,0.454081587439547
"402",402,0.0735441867445424,0.160180066404867,0.41617213052412,0.56068444245899
"403",403,-0.00321012145768762,0.0896901176888755,0.206221603457566,0.449398493934498
"404",404,0.240403112898833,0.181208129761321,0.463939227136304,0.521416558356892
"405",405,0.0105542330667774,0.169214789820893,0.208165621589913,0.524672699563504
"406",406,0.207030965418509,0.129629927558586,0.457954254781871,0.452307774945992
"407",407,0.211385646900356,0.154288493617067,0.470027060888303,0.511691975759309
"408",408,0.182796588525955,0.213783676141516,0.392250182150019,0.575514143873938
"409",409,0.216971188086143,0.220457583673994,0.603099070189123,0.571398998977854
"410",410,0.289755108395368,0.194882410172697,0.594557773751296,0.553374878063711
"411",411,0.223895107518934,0.18047910924208,0.650255573027166,0.536118258467863
"412",412,0.264215099028338,0.281837557921971,0.531743750387055,0.659065304999441
"413",413,0.273521333065052,0.270442714816262,0.696299243019204,0.618028378685606
"414",414,0.422039075158887,0.187085811452276,0.751891808233468,0.553522461786449
"415",415,0.310163830349542,0.160927231838089,0.635994974092459,0.512098085223178
"416",416,0.104757468086469,0.158039606723001,0.332477525102166,0.50923290362768
"417",417,0.298924286098367,0.146335655470214,0.665003735518576,0.483918661804126
"418",418,0.272246971715219,0.157755631230818,0.578231343290381,0.497982973508969
"419",419,0.180631859409185,0.179908812143117,0.398199077601339,0.50974929054832
"420",420,0.33276867997629,0.0882770874007555,0.658664457872994,0.410591443985346
"421",421,0.0562911857950037,0.104130016280762,0.303935794592895,0.442660508658879
"422",422,0.14909411621125,0.149005794313913,0.196532955865282,0.36403877798456
"423",423,0.309398710461433,0.131693465525064,0.58892155198495,0.464671437808921
"424",424,0.369150927791466,0.16853561070919,0.553433760054928,0.472847157358675
"425",425,0.283763851421591,0.114752919751432,0.665461081450578,0.458842520571657
"426",426,0.0514607148796191,0.152495939768536,0.332414552136666,0.509917857818321
"427",427,-0.0191066246186848,0.125804585328323,0.186367649635553,0.508437653340285
"428",428,0.10469804154403,0.243750574999013,0.455381550635281,0.626220098696176
"429",429,0.12326648326707,0.150549556794735,0.428268614273108,0.500584269461955
"430",430,0.279909116115149,0.183291492567448,0.488115391649778,0.474246469479699
"431",431,0.12673708475197,0.139365010945785,0.20702830856734,0.394271072665116
"432",432,0.242078572239446,0.1632649970145,0.581045730480957,0.497329438069899
"433",433,0.17648057004592,0.195490041928066,0.225008421171299,0.421240783360351
"434",434,0.177875546225398,0.189740532146447,0.438356531674344,0.540151861511138
"435",435,0.235267664793296,0.200153516913462,0.596986915651682,0.53195286432611
"436",436,0.288431823679151,0.0792968852262345,0.499770207550498,0.361259195352792
"437",437,-0.00563492245762642,0.211345681847556,0.161110850647101,0.539678358058327
"438",438,0.344984283138872,0.213920625241753,0.719118163558866,0.55580341021273
"439",439,0.132570410856108,0.0925023655316511,0.210137557713043,0.317606179197355
"440",440,0.368359434732088,0.146203975212399,0.758357382762185,0.508207388422202
"441",441,0.0531438340086451,0.150926414959982,0.269928082197868,0.526721679185947
"442",442,0.145605464932434,0.168950204072954,0.480603889530365,0.566669197806554
"443",443,0.143567246605369,0.246384921464093,0.210248652083273,0.517530272897187
"444",444,0.167979442574707,0.198716767299773,0.432698869241963,0.507622705380683
"445",445,0.159648560793997,0.135977993401734,0.39625170170052,0.476736736982203
"446",446,0.191192342823359,0.0977930066406525,0.400300406090479,0.406605037764487
"447",447,0.317626157732668,0.107510443330781,0.658375921742766,0.42091076285315
"448",448,0.312467753293313,0.177552906314404,0.652588153169694,0.495422400543481
"449",449,0.282078874625176,0.197058994508111,0.516914489255788,0.526616900732277
"450",450,0.0507233588808228,0.213101339396063,0.325090040448507,0.590714672914672
"451",451,-0.0282835609004208,0.244725254110892,0.119143664141243,0.611576262604778
"452",452,0.22478344758421,0.112070121597782,0.272053674626883,0.362597517941867
"453",453,-0.0309083717353293,0.239088846030414,0.090083902877043,0.610079450396348
"454",454,0.229093619127525,0.190898752406319,0.680815004408425,0.568930242113319
"455",455,0.275150574122569,0.110267869493514,0.640189211252829,0.441917710401925
"456",456,0.176197464898467,0.120277285517795,0.219189568678249,0.342848603454041
"457",457,0.242760213676693,0.140837237142556,0.445165824705511,0.47515645295324
"458",458,0.115952160048392,0.20023990381974,0.370560159176762,0.516411641532544
"459",459,0.250164543739641,0.140023315663514,0.583936690072594,0.446241352581401
"460",460,0.302086716525755,0.182068051812119,0.581409901224543,0.523516668017007
"461",461,0.235269416181801,0.18853451961001,0.563970967190869,0.524710466474242
"462",462,0.00590328786845151,0.166732331775946,0.199760391748719,0.53391648725121
"463",463,0.245237299186134,0.212027267367705,0.4581983497026,0.542614492599071
"464",464,0.300305600130304,0.18332331333758,0.606525494120828,0.550188698473164
"465",465,0.161237871490638,0.172871555042722,0.531807787648926,0.522369365570223
"466",466,0.394132197782933,0.229724399491383,0.644043143284429,0.552907757001328
"467",467,0.092486858150972,0.180240893921086,0.378567307023316,0.553796339462604
"468",468,0.217328611600526,0.218346116036766,0.589955062448125,0.563510931766093
"469",469,0.0557874085844491,0.159792756862074,0.364794937525586,0.558841268049743
"470",470,0.300009408433388,0.118382247515554,0.51643151167021,0.445497396099326
"471",471,0.166841177596276,0.147018414030692,0.203741430570268,0.36870290029649
"472",472,0.307552819957215,0.173029716419738,0.544475814259516,0.46772973963631
"473",473,0.214684499705556,0.165844879498765,0.434904008264991,0.490829573231082
"474",474,0.0712780410786602,0.0881560438751896,0.345177226756829,0.428783517910712
"475",475,0.129969033788025,0.196159968061607,0.33556504395069,0.533121574154398
"476",476,0.160562206355327,0.152208282973412,0.514019435525386,0.488150209670969
"477",477,0.429522612351029,0.174807521927352,0.707021530199512,0.520914580256354
"478",478,0.0192173904919352,0.0859147575316407,0.239821401697473,0.404536401785948
"479",479,0.381309374280912,0.153761492909552,0.765399657154471,0.484655599991361
"480",480,0.273250792834701,0.165551587053564,0.620913739653597,0.499160934474504
"481",481,0.08973534609733,0.11732494318353,0.403752628267369,0.467552503298329
"482",482,0.307985403980736,0.259575375253607,0.654622109822805,0.608096935918972
"483",483,0.377165136845164,0.126807890079655,0.760945941521434,0.470052744468981
"484",484,0.447174985783823,0.189060206997864,0.77053487502349,0.517105318059742
"485",485,0.292731064018284,0.10410874657849,0.503698943750891,0.407290612942283
"486",486,-0.0289081879161606,0.130275092597508,0.125947816049112,0.494332284461009
"487",487,0.22657868988538,0.204993271911823,0.590638666742206,0.552399278520988
"488",488,0.274172945361963,0.14677059139943,0.651821686860695,0.495326671537843
"489",489,0.169167020760349,0.108027280458967,0.438143085977965,0.431717822221274
"490",490,0.00103920221718778,0.226813374267796,0.203368573364761,0.58238700796607
"491",491,0.0460881411066933,0.1389527972829,0.28612732706161,0.501785050656808
"492",492,0.195188243698729,0.117189554720458,0.448112805870813,0.456898477399132
"493",493,0.327572467866634,0.180930421633476,0.61870985565584,0.525834090593172
"494",494,0.0187353150243829,0.189280456857496,0.222097812668128,0.557802957285492
"495",495,0.361345493602504,0.213780990609146,0.548785192438547,0.536228677364767
"496",496,0.00680420001928683,0.181334474969641,0.203456757697642,0.527368681409599
"497",497,0.344824178910429,0.230338194033049,0.560837098224978,0.562710953323392
"498",498,0.159497030412634,0.213789899173986,0.465278651895271,0.547729082287792
"499",499,0.292086339977308,0.162635498144704,0.579822929506028,0.43429075720672
"500",500,0.160925329024926,0.181890631925516,0.408882385863086,0.534180929023504
"501",501,0.154473925496119,0.226382035772042,0.48324880234709,0.585958945746044
"502",502,0.294412087207564,0.116940685527663,0.507515812947271,0.4409801960348
"503",503,0.369651318537086,0.164467158072375,0.707807145823193,0.510987495712027
"504",504,0.368361707802227,0.266211924013439,0.664999890461983,0.556999310598849
"505",505,0.212341803230785,0.151622061413,0.468336869068177,0.499914128014698
"506",506,0.238659350558881,0.0860061265331915,0.4815067956772,0.381716557159947
"507",507,0.0909759618110786,0.0739463291800128,0.20140532858443,0.322681265681117
"508",508,0.153109428303231,0.127570231192283,0.245521845882225,0.376119611877167
"509",509,0.298960880153953,0.123595958371362,0.651434332609914,0.474802582810972
"510",510,0.253600813485136,0.259886073996081,0.499457059994646,0.59728737738207
"511",511,0.256256923279034,0.232347682190237,0.531984022738691,0.587743338280778
"512",512,0.176957832670283,0.14712350785747,0.476831601814353,0.476311217432465
"513",513,0.412397948308974,0.21838972865071,0.589465913326869,0.496712773162205
"514",514,0.463261259043695,0.164366635383483,0.805739089343306,0.504589521032949
"515",515,-0.0165231927311065,0.131962629085845,0.171530288148678,0.495820382148357
"516",516,0.163533405069749,0.116539060452993,0.43340051646496,0.433620148877398
"517",517,0.315574325983512,0.170643058322199,0.526378582731899,0.502276997209982
"518",518,0.133899952666061,0.2474569803573,0.365492657668951,0.558579618885349
"519",519,0.221980863915493,0.122862663209906,0.603522648526141,0.462425918892756
"520",520,0.137271531475086,0.241638847820826,0.397611158686772,0.566424578124967
"521",521,0.186985161687249,0.208098532332396,0.491456321558956,0.515697130821202
"522",522,0.0493798603266375,0.158883383235927,0.319300466390305,0.555838607971461
"523",523,0.168088294182789,0.206490580147713,0.443988341605428,0.558060290667131
"524",524,0.240632593387257,0.197144030434936,0.612412901011866,0.521419422285058
"525",525,0.0668141677286465,0.125815453123782,0.291122302929279,0.480756566497628
"526",526,0.141747752504292,0.207294192594557,0.453932802969701,0.575424840832052
"527",527,0.342163185815553,0.243510807298039,0.505060618732862,0.537813459942477
"528",528,0.181512946930913,0.248308869137831,0.470389532718442,0.607147468844907
"529",529,0.288567368220998,0.132950288065341,0.549320769882006,0.462219900487764
"530",530,0.297636394711748,0.199972653421841,0.63361954309938,0.539136186995949
"531",531,0.0516736171020618,0.120835707801989,0.289919736539069,0.475139286209753
"532",532,0.261967459626794,0.244999232064175,0.529518626549516,0.537142641501058
"533",533,-0.00145288081776873,0.110979503940174,0.173343412323558,0.44672726669987
"534",534,0.0615703177213177,0.0996679671040178,0.308256636315788,0.418782770884531
"535",535,0.147689873973019,0.190716276558397,0.376712850946466,0.508627451711924
"536",536,0.0654275249188522,0.227194588284657,0.244776806620776,0.583597748892143
"537",537,0.145377962491173,0.128559304022442,0.210750068075978,0.343682465326008
"538",538,0.126702322313836,0.172233218615611,0.366012616633433,0.512724986525781
"539",539,-0.0251395650077091,0.212452344861962,0.0831682282180285,0.579725679487974
"540",540,0.24426584823621,0.117396126530139,0.473756234634595,0.439030899928133
"541",541,0.109716472328991,0.134564034352867,0.166174961771531,0.366562116117376
"542",542,0.415549277258091,0.21474002832838,0.69860767151133,0.516063789175389
"543",543,0.269557261710952,0.190894999815667,0.477821439799379,0.490377976935003
"544",544,0.224394619205779,0.196521375092377,0.221102941243877,0.386753305030731
"545",545,0.343230446032339,0.118258924579892,0.796086393336506,0.464154346249575
"546",546,0.195796475189674,0.130300857148739,0.463112222176406,0.454025098820745
"547",547,0.141689074230241,0.0791107732447913,0.444292008770604,0.385050689104789
"548",548,0.243388678485912,0.149334251146572,0.677363133847265,0.483669107825398
"549",549,0.28160671590662,0.224993367448916,0.529183435005608,0.587870025352364
"550",550,0.372499072687843,0.189415381867618,0.578446152115767,0.494639774756992
"551",551,0.237138874667183,0.249472912512549,0.581215564007249,0.596954114110204
"552",552,-0.003238808204862,0.216098795549991,0.171079100762582,0.565587770670878
"553",553,0.304691255459694,0.144412781827907,0.510779550538233,0.458408554427278
"554",554,0.372204259099875,0.128991274419393,0.760822871362029,0.453863277733482
"555",555,0.174776895372834,0.217821605881905,0.416675394711808,0.564851042354578
"556",556,0.0486719729643221,0.0923425093700668,0.153375222488868,0.342944578555956
"557",557,0.244041229488714,0.120734516380093,0.623079156585864,0.456516088851151
"558",558,0.37175514020642,0.150934328722754,0.806829340561446,0.492370557808632
"559",559,0.262636833804658,0.135665930697986,0.711508052713476,0.496781938074122
"560",560,0.338477221452189,0.126846093430295,0.796251940320927,0.490664001325913
"561",561,0.000269118153525705,0.100453120577034,0.197917066149273,0.459303248584117
"562",562,0.348354484659948,0.145019464114356,0.672674793682805,0.473600146901387
"563",563,0.162880447574893,0.0897667303791293,0.458285241297223,0.388091539807037
"564",564,0.273394390533783,0.210308848818605,0.717619134747061,0.562793886379762
"565",565,0.0329492375720236,0.107676986444381,0.237108499768683,0.439717725777228
"566",566,0.39659868054615,0.185999863056412,0.743563699036894,0.495595215216085
"567",567,0.272666108755013,0.191845908181599,0.51779750113046,0.507032568169361
"568",568,0.400052381331445,0.140724441625055,0.762347513459153,0.473693381002435
"569",569,0.0113887673823998,0.161310561884959,0.18709881697519,0.498543753387649
"570",570,0.31037949232018,0.139787676260272,0.711749574012746,0.46352720574581
"571",571,0.240048903802205,0.200373923438291,0.529183787153547,0.536268657713013
"572",572,0.400806778124458,0.145875996589687,0.761477988256184,0.449233906330692
"573",573,0.194943978118464,0.172386778075626,0.431811963445779,0.50646780474457
"574",574,0.372727946447538,0.173693167717927,0.616380223250867,0.506048661526358
"575",575,0.263139161317644,0.180990450243237,0.433385734777562,0.515189760328816
"576",576,0.237809350569159,0.219874648857761,0.412724478235301,0.491737528224145
"577",577,0.391178318744121,0.143971393577148,0.852013596856074,0.494481476269009
"578",578,0.278518410353821,0.234610948513934,0.542092197818597,0.52830901686331
"579",579,0.17034647585668,0.186513392957499,0.457203652012722,0.51959873338832
"580",580,0.294463562623239,0.203789278755792,0.618787031274258,0.536481983642728
"581",581,0.232363534263524,0.102306751863841,0.532244476457751,0.398761930921046
"582",582,0.262084055024202,0.11868911642187,0.5140694861861,0.448638317097267
"583",583,0.238469333916027,0.186435531990969,0.653465511944583,0.552101310514132
"584",584,0.112411214323233,0.24082894634818,0.352694979471888,0.59572588966415
"585",585,0.225993875389144,0.114744558888261,0.538565800369238,0.453959659635232
"586",586,0.380065715765698,0.155458844644033,0.600829455505292,0.451786849259752
"587",587,0.0700753821355926,0.247139231990523,0.347623435354519,0.601767846069194
"588",588,0.211360972993412,0.139914911217541,0.479864016473326,0.476078598756259
"589",589,0.399986226083996,0.148003604077326,0.494348856713956,0.465780494375282
"590",590,0.320063745734748,0.196923666435379,0.60402924683957,0.507275270678808
"591",591,0.00626579185146703,0.044714877331833,0.134872206162129,0.31456408193957
"592",592,0.268602749457754,0.0908536666522918,0.50907081489935,0.412251595398486
"593",593,0.270252139334767,0.164375438890279,0.683653559437811,0.520132821555832
"594",594,0.00190682919845564,0.177675321814203,0.18842248274664,0.562942715021405
"595",595,0.239343120812542,0.15448097826074,0.697651533095456,0.520564279937682
"596",596,0.292357754889156,0.119886737637418,0.654912940685351,0.48178267046763
"597",597,0.126793515223483,0.154152198899183,0.487197802308022,0.521202740870811
"598",598,0.241455704080848,0.203927072948156,0.53725553554951,0.505821817764815
"599",599,0.181616479666162,0.187341147532155,0.445490917837222,0.519933945821685
"600",600,0.368806472222687,0.22599727409325,0.508310206217906,0.519967808979573
"601",601,0.25812481423515,0.192707892534641,0.520638192290241,0.502621655532975
"602",602,0.254959877697076,0.199190402850058,0.542934242687765,0.524063284982418
"603",603,0.0212323037727987,0.101958798426497,0.216201544164147,0.437183732608055
"604",604,0.273083984698607,0.176765627321296,0.560295181686022,0.486714114802348
"605",605,0.103217816975731,0.127584789710614,0.162621661695664,0.343334530498946
"606",606,0.165820396840599,0.0672488316516524,0.438325869504578,0.371793465745668
"607",607,0.154432896798665,0.126879843887345,0.21500252156436,0.353863712335627
"608",608,0.148537754584435,0.111845687654755,0.223160047448986,0.347752130103106
"609",609,0.258497032080922,0.168951770259834,0.431675770039398,0.478386338414698
"610",610,0.261677564027589,0.151476839183067,0.562036900300782,0.492981680479425
"611",611,0.193971681039828,0.122261732524632,0.474014918469473,0.451276896039179
"612",612,0.151297660934073,0.102313075351011,0.221924560542709,0.319236458416501
"613",613,0.207083337462986,0.173686245742616,0.428378197942749,0.50619749855594
"614",614,0.117065970587175,0.212321543019863,0.389765265016422,0.582815610294544
"615",615,0.212979688397249,0.17910373768925,0.210346736732757,0.331860617050758
"616",616,-0.0115773151370846,0.146620846915752,0.173216303001345,0.531281255464106
"617",617,0.249084780922519,0.169401136994845,0.674175875593163,0.509303469885705
"618",618,0.390705070257786,0.102993245293618,0.649752057153629,0.411871139898506
"619",619,0.252563326862307,0.221335750619043,0.501305737464,0.558261064791032
"620",620,0.263543833567597,0.215145861929607,0.59901558165818,0.567907881058927
"621",621,0.219488910109373,0.196133171217239,0.224752768210712,0.408417764433715
"622",622,0.159131329673396,0.163366102401881,0.209779264337654,0.394389678716233
"623",623,0.18847165732462,0.0854030955138035,0.224450763076972,0.26761584445505
"624",624,0.404269210932257,0.120518002991972,0.670836113066871,0.429388400574209
"625",625,0.368739459704028,0.204676295250002,0.610567400982761,0.511303290994526
"626",626,0.0444428558576178,0.0867100030280011,0.144685009182237,0.339847544459264
"627",627,0.307308448088963,0.155059915671942,0.558087846022226,0.471066907815756
"628",628,0.114857299289629,0.216499437808935,0.402220987175497,0.596240516336484
"629",629,0.136994456753648,0.129434487686524,0.362377506970379,0.476709313628908
"630",630,0.262200870062879,0.138138681080382,0.678877865439888,0.469102554264085
"631",631,0.356835274791718,0.132130137066037,0.632385441749186,0.444605616771624
"632",632,0.10156606589292,0.1877341341649,0.193161100101779,0.462596560013812
"633",633,0.264162810047699,0.145493440509607,0.611062434492987,0.490121411743469
"634",634,0.273002267669399,0.15267896950695,0.687161633216428,0.496043321530574
"635",635,0.236424681421357,0.176366025804134,0.224298835104692,0.380115621165587
"636",636,0.327032729349783,0.127469933026674,0.64585145286514,0.463908466639873
"637",637,0.364839919193372,0.163881971619501,0.703315957589632,0.484545959191903
"638",638,0.332783377035886,0.21463549287248,0.716479809069913,0.610797899434974
"639",639,0.465747163810914,0.115821398903837,0.76132135159437,0.431396098171382
"640",640,0.225051971747645,0.109152792071465,0.5042143675809,0.412317454955421
"641",641,0.22540554780932,0.200110082301002,0.474752298416968,0.520152035915986
"642",642,0.153901697297919,0.135433783753078,0.216684799523743,0.350958968841631
"643",643,0.160571080030227,0.135673256209825,0.443293607924501,0.453337990072453
"644",644,0.475321042740955,0.151230311749101,0.740907470452998,0.464953954455462
"645",645,0.269731405218172,0.110167271674551,0.591959323653031,0.438690457279784
"646",646,0.166076145270112,0.140548805608889,0.234907376060411,0.390449672447828
"647",647,0.203039335598952,0.185295865835432,0.21307106106105,0.392858861856362
"648",648,0.23877980821403,0.108724481329453,0.457527346941647,0.443075991961594
"649",649,0.339442364760412,0.164492405639238,0.570273415232154,0.498263392120698
"650",650,0.16759557808958,0.122587752817863,0.419722862349871,0.42529942097353
"651",651,0.0263926025775947,0.14338057041418,0.273304073290974,0.504334553374944
"652",652,0.0964737118820288,0.117596144638245,0.19772357609092,0.361004732735463
"653",653,0.380586073167532,0.155020465388534,0.565307377499864,0.478752787571867
"654",654,0.34144096285302,0.267468922384739,0.573778057598803,0.570256667366665
"655",655,0.191873380024162,0.181094494889266,0.524586246466488,0.547968530958233
"656",656,0.192524314323369,0.206982449899473,0.42583401400996,0.53703279475829
"657",657,0.0860883906920659,0.0928946706920761,0.336653403013068,0.440350513615473
"658",658,0.247055015357148,0.118707442240056,0.608590616364005,0.475882268628067
"659",659,0.198169281823083,0.129005398220563,0.613486571705765,0.474200876004765
"660",660,0.0383351883843799,0.170833653242427,0.291319373784553,0.54574799617972
"661",661,0.148646594729126,0.20291077004272,0.503779521347918,0.544370739946927
"662",662,0.120546727829112,0.138140217963716,0.368308130511749,0.476193450524076
"663",663,0.34501993644518,0.083835234478066,0.584855605783533,0.386650631529221
"664",664,0.244081181610389,0.232762293456876,0.471403215968256,0.558761334784707
"665",665,0.14078319995565,0.219803860015871,0.35575909024316,0.554108035758671
"666",666,0.367608220893038,0.235407834417043,0.707110201719774,0.543839479741754
"667",667,0.0554885151878236,0.105265350413022,0.259009622484927,0.430225399775618
"668",668,0.365873280011548,0.140601868968594,0.58621188193706,0.474426075894036
"669",669,0.121748403338627,0.183462287931974,0.368518689824102,0.54625641416092
"670",670,0.249783983535941,0.190107504512244,0.613398285736998,0.540485797241405
"671",671,0.0736264381975914,0.186011096592968,0.272276464166882,0.55002187143074
"672",672,0.259061753599441,0.191999957542141,0.530590477596163,0.489583709595721
"673",673,0.288982204446233,0.204148248411421,0.648877441371182,0.554784743137505
"674",674,0.143511838418154,0.103015629344956,0.492388057264862,0.439358758866641
"675",675,0.322792195182058,0.250715944069243,0.717321766095005,0.583660048731183
"676",676,0.351513071346173,0.149167581804289,0.546574198585621,0.471444541141893
"677",677,0.274167194552542,0.111328000225666,0.67943332745409,0.438289662116721
"678",678,0.273595311721423,0.121651257987104,0.628077979343039,0.479565670716999
"679",679,0.332578436420526,0.13195877797741,0.676775335101251,0.474596988728503
"680",680,0.245443094263138,0.12298817886176,0.474506105017274,0.456240833263882
"681",681,0.15536385074995,0.158177017900399,0.394660258808918,0.490930911574939
"682",682,0.131874529656073,0.108301212783238,0.214646360984538,0.364152717085914
"683",683,0.00199591451164804,0.17657441724178,0.187537449373849,0.554780791070181
"684",684,0.352307528309396,0.089071441878077,0.618927082179059,0.3893782789486
"685",685,0.236904752104937,0.141591690444191,0.272938788746666,0.373729067029841
"686",686,0.172995038928609,0.243182329694088,0.223687273715829,0.49813582898322
"687",687,0.41446554267021,0.246357391616189,0.741542784334928,0.590550901305953
"688",688,0.167143174564007,0.200662602092788,0.461578817954403,0.580866844864415
"689",689,0.333353248111715,0.128995940787052,0.702742242200526,0.46719447511363
"690",690,0.284458529673743,0.175468112565769,0.495876495803309,0.4869042594083
"691",691,0.347154374892856,0.141926275006452,0.750842585142199,0.505924706868194
"692",692,0.17278680491824,0.162401655147939,0.239181351975694,0.415713237206997
"693",693,0.162132080450954,0.213959125899083,0.415815658421894,0.555506209121952
"694",694,0.304599113954603,0.126708911389955,0.490728929409791,0.416735574375373
"695",695,0.0891400762305,0.0772027877987024,0.207971857604928,0.335279832793115
"696",696,0.268070471971378,0.125964180024014,0.476712862123075,0.473375122495882
"697",697,0.0519083157861744,0.119613924423753,0.177898242005069,0.408941748567941
"698",698,0.0153236569055999,0.2037827200171,0.256401306372889,0.562230234131184
"699",699,0.0694218966386998,0.146549294369599,0.328612055755547,0.484360487979625
"700",700,-0.0105695733851718,0.227079281124156,0.156350240228868,0.576989152421377
"701",701,0.13940123137937,0.199717757214803,0.350573421757941,0.548721758446696
"702",702,0.169255168471666,0.155907667236633,0.469150995651132,0.500844622986886
"703",703,0.234130229831431,0.235489862708832,0.579638560799716,0.592572476830215
"704",704,-0.0366504654935085,0.18382518053881,0.0686792390001416,0.558627333875288
"705",705,0.180906037861614,0.286252058218479,0.458088974355016,0.62532786869963
"706",706,0.303913145028884,0.220139533357458,0.616884636452507,0.565752719476519
"707",707,0.232000392814725,0.185597512352156,0.592607900967136,0.51630801571506
"708",708,0.331093380685234,0.107937254910937,0.707305094898138,0.449717858881859
"709",709,0.154036397728138,0.140275873719455,0.41383426995365,0.457410170101747
"710",710,0.256678536222282,0.196148030411425,0.603389666623608,0.540515072522547
"711",711,0.186557816517552,0.192024858554648,0.219226774502616,0.391540352599259
"712",712,0.151694682384875,0.192312398318098,0.21240134677466,0.435355802962022
"713",713,0.115657392857601,0.138473736577411,0.368518623500623,0.472809048934058
"714",714,-0.00972573828155698,0.200060673528661,0.184478749066711,0.56632293860725
"715",715,0.411941932368685,0.181466550809796,0.691290493570985,0.5171021232114
"716",716,0.160329557992846,0.119173426623409,0.451291907909789,0.459315788624161
"717",717,0.243180520026916,0.127956307391798,0.506062203409433,0.456447923322672
"718",718,0.34167861522655,0.138823397076218,0.567994418276264,0.4715959322456
"719",719,0.0327875938626394,0.119637673076814,0.127411969552236,0.38655088428625
"720",720,0.360905842771308,0.104483876367741,0.795919168334265,0.463010740260286
"721",721,0.239042799260035,0.222074670350367,0.564716970232953,0.592258916511487
"722",722,0.216996846302897,0.132347134854402,0.469422285602828,0.427899591501757
"723",723,0.0850729758653385,0.169269217225401,0.308405704075786,0.53541682252757
"724",724,0.0497984375138144,0.244225083314806,0.26850614530086,0.629013866170585
"725",725,0.343200448610793,0.168632942875462,0.773016697832821,0.517286193661799
"726",726,0.173965826848898,0.172175790242798,0.209963785764603,0.410595313012898
"727",727,0.295634640099953,0.160029817668358,0.544006885980939,0.470822425684914
"728",728,0.0131718814508619,0.109647397262116,0.225272704803241,0.482326278935373
"729",729,0.269731589815441,0.128052962702365,0.578038153692678,0.420615342582985
"730",730,0.136931601685799,0.163172926556785,0.332353939084387,0.503365306425564
"731",731,0.21115716828508,0.177292925713579,0.225583478930129,0.382104705293903
"732",732,0.346264619946003,0.131311667183299,0.566659472768876,0.453107765318231
"733",733,0.32352127913169,0.0976882899858057,0.552352792796018,0.419431339485609
"734",734,0.09377698589485,0.222292472162749,0.336584674419233,0.564003262144868
"735",735,0.26661708715809,0.227393150481931,0.634978493729698,0.584597616242537
"736",736,0.314232885601697,0.221209853451284,0.261387382062664,0.422924447545439
"737",737,0.202981858975858,0.193720316050419,0.506437020065717,0.565905239355054
"738",738,0.431999402364101,0.110136812018052,0.773264075679819,0.450765139576899
"739",739,0.141621181936479,0.0975386464994416,0.372476082877078,0.421838023661489
"740",740,0.07380363433223,0.1930220816046,0.296887826022124,0.550059571770591
"741",741,0.389271888520539,0.148261917540647,0.599687427911649,0.403313796296546
"742",742,0.251146315637418,0.146522455250006,0.655864581756714,0.500389269965497
"743",743,0.20920877320548,0.16321806781822,0.422962701507201,0.49564048755953
"744",744,0.181216756752841,0.159612357447383,0.542736183115515,0.501562860604012
"745",745,0.156508829780381,0.0980618600247333,0.479826743642875,0.418597541885079
"746",746,0.199505254333832,0.149705213957828,0.549421609342107,0.509962522387263
"747",747,0.210169815979934,0.0659883898576774,0.250972405922815,0.262850017724099
"748",748,0.204112012732978,0.0797760675364239,0.540973073905172,0.405414765220336
"749",749,0.178977333269075,0.163278913172573,0.49822952037858,0.499962158586526
"750",750,0.0655086127022172,0.181353717237534,0.263731140570425,0.517875113355602
"751",751,0.234261926938859,0.190052204623273,0.65773061902591,0.552697825272382
"752",752,0.283371753877506,0.205274270013528,0.48600237495363,0.531352055763077
"753",753,0.0768185970563984,0.177874913816235,0.369659999261453,0.556427779879784
"754",754,0.354165898072613,0.137142361611374,0.749310644066889,0.477096534184407
"755",755,0.343775791079457,0.129145633106798,0.733751249735574,0.464964135575502
"756",756,0.21543242663105,0.127570612029537,0.221137930158779,0.254864379592658
"757",757,0.231008568794514,0.18731135878285,0.54730363424205,0.513485304963855
"758",758,0.303941309663907,0.218982322435395,0.609447082226958,0.553772237875181
"759",759,0.255430254147224,0.244037903198619,0.543833402443197,0.602115286844898
"760",760,0.298590610413839,0.170701349062478,0.532744511505417,0.471795849669314
"761",761,0.349235550875676,0.091531741373311,0.695383394504127,0.406671192558394
"762",762,0.281964791183412,0.137252023293735,0.642608518047218,0.470849549817022
"763",763,0.167738499526774,0.120720580936691,0.42040210022768,0.461022025652997
"764",764,0.238287045702447,0.151253250630436,0.649014396534593,0.524923309824408
"765",765,0.451269952138243,0.121978235342792,0.690213218830397,0.435546550952499
"766",766,0.157713093561611,0.194226722118199,0.413784174191537,0.556040266878197
"767",767,0.347990243012461,0.225295556302812,0.576151194660099,0.553084569283668
"768",768,0.412117009557904,0.255057173318719,0.69435211422867,0.563547425733241
"769",769,0.0740423596250258,0.117411355727365,0.220214988252195,0.413454774074058
"770",770,0.221725414199776,0.21244492901475,0.226855600850452,0.430753582415827
"771",771,0.140192756122392,0.131081686685577,0.452438027037918,0.459301359628902
"772",772,0.326907299608277,0.223623715720769,0.547878234567823,0.546908090378912
"773",773,0.063356051582241,0.176694222420145,0.362962499832253,0.557773272190489
"774",774,0.190573200948138,0.169153200633643,0.601716561631069,0.507288792963057
"775",775,0.104022430123295,0.162945579515759,0.423533420557562,0.539667785761646
"776",776,0.222557728590575,0.152877093013283,0.445934991995577,0.49204267848885
"777",777,0.124250543936181,0.25520648838481,0.38740201042739,0.647670717230462
"778",778,0.124623328814722,0.159073267539152,0.424151325688399,0.524631441912313
"779",779,0.00279284763001897,0.157443235913419,0.219982261155122,0.542031272293246
"780",780,0.156354810510904,0.156584299602286,0.41008114890724,0.49550387509077
"781",781,0.265778491681207,0.227208250072694,0.243073453503729,0.416510344146804
"782",782,0.231449193553611,0.190079648360955,0.581803357820443,0.554469560014767
"783",783,0.190758920849309,0.125998181270418,0.262093470545502,0.384632378305098
"784",784,0.152391810044695,0.196107429822089,0.345660321517919,0.499205122591556
"785",785,0.275498445926858,0.235785794291497,0.490080908221246,0.530597095568939
"786",786,0.295036450029866,0.163842276502427,0.663587049888827,0.49471653041017
"787",787,0.0358080237727318,0.1956417853632,0.219201775358435,0.563005159474263
"788",788,0.26320894231397,0.228586155742901,0.619647081757273,0.563090906034937
"789",789,0.281005224492974,0.157315657415735,0.64179997888213,0.507533481230017
"790",790,0.184898703616335,0.187854237532976,0.419506797627513,0.499059314957841
"791",791,0.116340528087367,0.146470230691307,0.408466226964995,0.489752909947084
"792",792,0.251059190799489,0.173955287594964,0.449763205162957,0.517957304045971
"793",793,0.0357274732378511,0.164526452351314,0.220338524551354,0.517862111919976
"794",794,0.156497866994803,0.0858368242905097,0.42444097548193,0.387587779690749
"795",795,0.167966908294541,0.116927634341387,0.487449984721506,0.444838352026035
"796",796,0.191106871166828,0.205098458163337,0.489806301592049,0.542441966079107
"797",797,0.123226353276288,0.0974358059486203,0.189900212070462,0.331903819518213
"798",798,0.00168707056662831,0.168494572272599,0.200820351184949,0.523109514687277
"799",799,0.169140863955204,0.19655657522089,0.19169184123423,0.382531626843157
"800",800,0.200392574041231,0.150432020290331,0.410676509577837,0.467081205897914
"801",801,0.259792879701158,0.151058933753491,0.54981657902551,0.475377410071848
"802",802,0.281231630058083,0.144411864939986,0.591265160170311,0.48135690948397
"803",803,0.240337345838695,0.205032316984133,0.437899988189518,0.500892093862169
"804",804,0.119919936426498,0.146357016472832,0.179101330278498,0.352995068497845
"805",805,0.227941508383801,0.188654171782141,0.625652933399177,0.559411642711955
"806",806,0.265723499998815,0.127531029413103,0.635713462150843,0.489317933856314
"807",807,0.10860290959096,0.146215623229201,0.428495248477752,0.48192452657799
"808",808,-0.0385919041458191,0.1438715786318,0.0891865816365513,0.516681189879538
"809",809,-0.00161970682024903,0.133986256531206,0.195025107144094,0.496806146890752
"810",810,0.207869608306599,0.0920955947269952,0.4593050822005,0.439601511559619
"811",811,0.390833623540646,0.173315930810224,0.712224686975004,0.499215167884871
"812",812,0.164326664064408,0.133125853952443,0.519663286929162,0.456450633426973
"813",813,0.103625617026503,0.132855495087983,0.310363921778619,0.445749945532234
"814",814,-0.0374961035459482,0.236139159401221,0.0901334190550342,0.614104865249507
"815",815,0.0532370678058742,0.106942176858482,0.301935432464073,0.476320190177409
"816",816,0.199038217313764,0.223221508637668,0.555740660575572,0.584410093732388
"817",817,0.235921862957834,0.173326283178132,0.541051604380568,0.523959507653746
"818",818,0.256136665566621,0.17820713077766,0.542558910200406,0.524248214012484
"819",819,-0.0254105689893609,0.274199870605115,0.0929893967148711,0.617999905708193
"820",820,0.199375955607031,0.190808585916725,0.547835302943407,0.538692206778147
"821",821,0.160273475436675,0.135398430951504,0.42790381254776,0.483986435459037
"822",822,0.12343762092073,0.126348049932353,0.186300156387328,0.383884937148571
"823",823,0.221910129136108,0.150252251304462,0.494299562179881,0.470773483606895
"824",824,0.202109206451939,0.226960552742839,0.535529394926602,0.576161430344823
"825",825,0.165203119824343,0.157522981900363,0.21510602168615,0.37832203005725
"826",826,0.215956069960014,0.164848796434865,0.614262019542355,0.534528764975153
"827",827,-0.0160667752844976,0.153013094012295,0.205472595955172,0.549347882582578
"828",828,0.14151298573094,0.223715660455773,0.176073738177242,0.433248118606809
"829",829,0.189924100831289,0.214785791854424,0.38493239108019,0.534766049299925
"830",830,0.321163990544716,0.193025963747901,0.681458570111733,0.527584545187208
"831",831,0.415047195803994,0.155584374732456,0.677279651516312,0.46953434309458
"832",832,-0.0197467939880345,0.146369099811634,0.164131012761189,0.533397758817752
"833",833,0.0925612249950434,0.143886404519103,0.458823472802999,0.492191918877307
"834",834,0.218766891855315,0.184556204028622,0.527097214989874,0.51071811577927
"835",835,0.166815958760851,0.137631442777047,0.468443217712444,0.468342952035527
"836",836,0.160662516730969,0.255002830671238,0.19399773346538,0.47613036299624
"837",837,0.216937727096785,0.198588356805388,0.490343142856212,0.554546931962732
"838",838,0.0410507393274419,0.16290585812433,0.342759939510231,0.543451205555743
"839",839,0.137204668340704,0.121729496981185,0.421910400308063,0.450959057265838
"840",840,0.316457244698609,0.142905658505338,0.54761240570527,0.462143201476982
"841",841,0.175138352240402,0.16004392043183,0.526057107199158,0.529622889066352
"842",842,0.34503577683743,0.270905558410373,0.786784578605819,0.617398663532028
"843",843,0.224142771002977,0.125857079463544,0.548741268674932,0.455791121089359
"844",844,0.0327235185755945,0.225446518386592,0.246773931118279,0.60888997765217
"845",845,0.266025503895249,0.203272618026277,0.476349918057098,0.510258553300877
"846",846,0.258739070350614,0.118695288221371,0.679506839687199,0.428272912803214
"847",847,0.077041914800936,0.130428736178414,0.327730610494287,0.462157955604304
"848",848,0.392437602367344,0.140927215107544,0.689043798845761,0.421313069049767
"849",849,0.332785773250599,0.194060855773151,0.591288240063737,0.545068648295988
"850",850,0.139356209269631,0.174709646366887,0.399890434420342,0.49566997911137
"851",851,-0.0189978844357253,0.115775967190889,0.161823413987933,0.461466791931147
"852",852,0.264565466309193,0.106960940888198,0.249711443223823,0.261721116081872
"853",853,0.118772181332732,0.153910666760217,0.185599466953301,0.401516251244072
"854",854,0.301582021011876,0.146936667163396,0.535380322680348,0.48581646013064
"855",855,0.245841912941534,0.244008754362713,0.558263173258811,0.579770563813829
"856",856,0.0857011190505971,0.146645164758624,0.347711780691602,0.480043684885761
"857",857,0.040092798599011,0.133556433591391,0.27027801277693,0.475005067064119
"858",858,0.254393828233812,0.186212151612844,0.560145354434027,0.49198484695186
"859",859,0.304784414535117,0.165167683922677,0.826162726813193,0.553764534590612
"860",860,0.236365763201857,0.16070179972423,0.4395612374163,0.486338603120329
"861",861,0.211901038967601,0.155026233739684,0.271890618960225,0.420476428015496
"862",862,0.151256745157836,0.155073714379788,0.545288082337175,0.489095751099676
"863",863,0.24225718233236,0.213307318443997,0.433811618325049,0.546159146191289
"864",864,0.309278235482724,0.187179538111946,0.591282723790251,0.500199713110132
"865",865,0.445158774231385,0.190387191530299,0.761857517619942,0.53446850087113
"866",866,0.117984765311019,0.114926909308416,0.33873050220252,0.425299042156275
"867",867,0.0791895350175951,0.105975666090561,0.405913717525504,0.469650743578153
"868",868,0.164318450433634,0.233692752271024,0.377390034187394,0.563416131304236
"869",869,0.202913463837263,0.229239840612336,0.609652024546771,0.586978956404623
"870",870,0.324346714347841,0.208097731750623,0.645867595044479,0.557059959534475
"871",871,0.273421081916146,0.128934371140382,0.655573253029037,0.425296010931204
"872",872,0.110974494470029,0.147131635735236,0.494493346905041,0.475121855517786
"873",873,0.177335379952792,0.27319734985615,0.588823704279092,0.648026463903381
"874",874,0.124824911924064,0.193244462291922,0.41343713905087,0.540430122210268
"875",875,0.275402270265848,0.193033633856092,0.620495215384411,0.524403230240466
"876",876,0.225574348323175,0.141560619741632,0.497811615398639,0.492739132158083
"877",877,0.0118971266692827,0.0950317240854718,0.236652612265975,0.450104062515942
"878",878,0.170665179661883,0.170857224690468,0.57013952435387,0.530456635283935
"879",879,0.303878392249666,0.217693624298903,0.575684526318921,0.56099055874982
"880",880,0.252482350881711,0.175790842098506,0.517787433550775,0.539379717272448
"881",881,0.343927569977936,0.187012622629264,0.524316162462328,0.512594207721301
"882",882,0.200712282654602,0.232043118608007,0.458893848278551,0.576001008141618
"883",883,0.0613039079871951,0.138866094606779,0.343936347195889,0.486944075363218
"884",884,0.320626708465638,0.213486748297058,0.667703793263057,0.520285052527765
"885",885,0.15056103692393,0.0908515219522277,0.239463272314016,0.350477556131687
"886",886,0.159998632454953,0.192246223135717,0.197250244215853,0.405276307348053
"887",887,0.297050815407913,0.188016762848903,0.653393537011347,0.538151326796704
"888",888,0.248481747696095,0.1260887644014,0.510390508278088,0.458794133291849
"889",889,0.21371925014488,0.277221227158528,0.444293488154494,0.619331600549273
"890",890,0.039635548679347,0.214286812272254,0.256016180539848,0.576994497283724
"891",891,0.209919852698477,0.113818368573346,0.234300970198192,0.326873968788319
"892",892,0.300907878371205,0.201397754635063,0.629138316572516,0.540954361219672
"893",893,0.229302088796993,0.216840030009624,0.486924891813146,0.517065154468528
"894",894,0.213794890585485,0.232567754226388,0.21015153570063,0.399409074929043
"895",895,0.157662659063651,0.209540849268531,0.477662053074359,0.507736734607264
"896",896,0.257902227124461,0.149820736850453,0.587592079008257,0.467693358083872
"897",897,0.176361681261905,0.166844031565452,0.416416187405205,0.494353389900843
"898",898,0.382910701407853,0.229027615609069,0.855097139455862,0.59797568921787
"899",899,0.116271595736587,0.134360677471322,0.158746079030311,0.332097248220399
"900",900,0.0967654010222307,0.153112098378004,0.31155955477523,0.503993520841612
"901",901,0.182886573476967,0.141667875651127,0.430175889731254,0.460656816024199
"902",902,0.332216268425573,0.188291704854608,0.653525944375696,0.503951962778322
"903",903,0.291180256561116,0.219682769914986,0.507130894225033,0.528074154885585
"904",904,0.302451142127358,0.198994732856819,0.643980459756168,0.565701142027196
"905",905,0.216430544661095,0.138323099192655,0.504021081824346,0.45068021210484
"906",906,0.164491809344914,0.206459888303698,0.505343772236985,0.555112127140711
"907",907,0.32425476940078,0.197099561132509,0.577182981115257,0.512510137653808
"908",908,0.00553897087759714,0.14101849321718,0.189914113841634,0.481762580729673
"909",909,0.290018974287858,0.192201627994689,0.512534897367431,0.509394818794238
"910",910,0.209811115978853,0.160537270216587,0.556321526255811,0.506159741685595
"911",911,0.291611722018265,0.219014631743419,0.44063966791743,0.512386665135811
"912",912,0.208465664928359,0.105156732629123,0.228595767339984,0.309773029276205
"913",913,0.228998377844456,0.229903814734305,0.23481635623091,0.435078904358509
"914",914,0.148895238613971,0.209392750628055,0.500521195952982,0.556354364327863
"915",915,0.110850556051015,0.140454623906702,0.331601829850105,0.501596994552766
"916",916,0.144165514832984,0.148336237560633,0.400579763519986,0.476423189174531
"917",917,0.0902748431727032,0.125071575477246,0.442452773889514,0.476364756296575
"918",918,0.287941824004502,0.145482728228448,0.275376538669793,0.357352468467146
"919",919,0.122757022124592,0.124783242755863,0.22262443577322,0.399534402773072
"920",920,0.287496110216477,0.16144118778734,0.718148388144606,0.495164502673918
"921",921,0.145190833161783,0.0900395195568507,0.19997558862556,0.278393300682353
"922",922,0.163359683892724,0.0814259279560308,0.216120699205171,0.308117150411199
"923",923,0.229319857508527,0.158581427442305,0.484950494888362,0.484426812139655
"924",924,0.0917331408783547,0.136879487325567,0.266253537447064,0.451986960777289
"925",925,0.238269074507606,0.194764753211982,0.466207117510112,0.515224110272598
"926",926,0.316817745308794,0.217138024892064,0.557969597864065,0.543435354970747
"927",927,0.0272677487403009,0.138266818020986,0.242026653831552,0.485169692583713
"928",928,0.344050909296508,0.109974144803295,0.645482886897406,0.424291958689312
"929",929,0.129718714359141,0.17019869330751,0.352282842237315,0.458036936533059
"930",930,0.382750342673269,0.177552224876823,0.668339652180851,0.499017648475835
"931",931,0.260821804537807,0.127181908925814,0.508244952526083,0.465225491860697
"932",932,-0.00227619697033155,0.14879710869274,0.179712021004569,0.50294965714385
"933",933,0.426412998078155,0.204289998137663,0.680240650220543,0.519130263149633
"934",934,0.393176687300019,0.110158610405932,0.71203597559495,0.436726545326364
"935",935,0.139563360583857,0.14586147952306,0.195283973180289,0.368020027265621
"936",936,0.226164548370687,0.266310896107905,0.653595809871821,0.632917441960609
"937",937,0.241434904510297,0.100463940670497,0.443714937908539,0.407512991433616
"938",938,-0.0057710988854478,0.0816407454209018,0.192774646030654,0.437329936048045
"939",939,0.166373428621383,0.172706275853439,0.415818509811006,0.533300592750577
"940",940,0.160823751372579,0.17667555430683,0.522889008387664,0.514476580323239
"941",941,0.404415755133082,0.149944648320461,0.612345446498646,0.487046948721906
"942",942,0.28308447540679,0.209686600392918,0.629384854965322,0.535977844795344
"943",943,0.392383412754519,0.148160415057102,0.565852496426971,0.428256785958409
"944",944,0.317716288211956,0.201850448773884,0.540685400197851,0.506939758125954
"945",945,0.193907659993686,0.213705901698582,0.39221489621939,0.530893985227126
"946",946,0.30061627867743,0.25228972453126,0.631478129996911,0.597570008160865
"947",947,0.135453463836087,0.114156488162484,0.369302653630817,0.43008613758572
"948",948,0.213027398683577,0.179965971619537,0.542759806363522,0.509340544385032
"949",949,0.208382181583434,0.199427920990748,0.264930736742463,0.451159400742035
"950",950,-0.00342424750137549,0.132447779402358,0.187414767296962,0.519072295119528
"951",951,0.221476746279872,0.123868076662388,0.431229251424797,0.447812739813387
"952",952,0.357933604929421,0.189807259401837,0.644025496915774,0.550874446003048
"953",953,0.130256703779374,0.0933760396624297,0.418959851840374,0.418017853382445
"954",954,0.319974852169191,0.194836695228653,0.726899498085067,0.535274680450395
"955",955,0.438311996787903,0.164793543294485,0.661638959721171,0.477939106128539
"956",956,0.451595581603598,0.162945793831166,0.812679439295136,0.494873362149878
"957",957,0.292218793985841,0.29684944169179,0.689162175387015,0.633832263873239
"958",958,0.254041378620976,0.138546261544419,0.618268934090411,0.480305112033691
"959",959,0.279026845455049,0.149741250274513,0.452887706100185,0.478131558609522
"960",960,0.421209634848322,0.135188329189318,0.698065172731219,0.446365883002958
"961",961,0.29465682603911,0.187883979359211,0.734378690248263,0.540818666431256
"962",962,0.2891153443068,0.207726295336885,0.56336472534067,0.529345640113176
"963",963,0.369011103702348,0.286285295669933,0.684754273984299,0.642499306648734
"964",964,0.2457371385204,0.152107845436993,0.62661705057813,0.452388020493948
"965",965,0.13880391051531,0.148330013832266,0.187895558674419,0.369874235306175
"966",966,0.176961293098948,0.188292374053152,0.481939109450336,0.530804934394696
"967",967,0.161595406175533,0.0731036024094139,0.222681363987211,0.280015036315442
"968",968,0.0508853761855447,0.22601511467641,0.270877764461497,0.560679888164931
"969",969,0.0606366979577873,0.0537029948308013,0.182392406135536,0.297766360324103
"970",970,0.292055860540885,0.18127185352409,0.580129722563143,0.500460125975996
"971",971,0.30559837086201,0.151619848523321,0.881129445183373,0.496500947899546
"972",972,0.233929132315278,0.149640759842405,0.470464362445954,0.481077307668531
"973",973,0.174985732204347,0.180121667665586,0.584548780137086,0.537233430601699
"974",974,0.406177064570436,0.222416853656762,0.713069163332403,0.548781479622796
"975",975,0.226731424264805,0.118673200108237,0.496100259165259,0.408794284380916
"976",976,0.265141430716006,0.163387418467849,0.656856765730129,0.533580191808345
"977",977,0.234346969224294,0.122092773300928,0.447438061744025,0.456298726447579
"978",978,0.247790924871445,0.127381786502069,0.580183572463405,0.465984184378439
"979",979,0.422567949387559,0.148481057323093,0.579175348851913,0.444707900773979
"980",980,0.121655101703692,0.133314876839486,0.401448745053826,0.478791121183648
"981",981,0.287961825076617,0.107076900079261,0.52736409142066,0.429006766676123
"982",982,0.2717052316207,0.236791796308457,0.474420044180753,0.589344986506721
"983",983,0.268856704373234,0.201030086743584,0.522170702715605,0.532606647675405
"984",984,0.233074914138507,0.206910647231589,0.477575870578781,0.516974220179344
"985",985,0.234079311526856,0.130166671639683,0.630525664032689,0.482664939075404
"986",986,0.326040778189393,0.162849430133545,0.669487633484797,0.501031635815774
"987",987,0.283188601391895,0.127735792259804,0.658049663955219,0.452285705202223
"988",988,0.150755138349612,0.23794749843079,0.43547590267912,0.590207429456264
"989",989,0.324963374162673,0.138119221585173,0.711490643882171,0.456865656574056
"990",990,0.0693291591873575,0.189040867134718,0.256914800290581,0.534059400774451
"991",991,0.214850368613361,0.184620792276517,0.452375728581602,0.520826434298485
"992",992,0.0357419551065934,0.205777749279799,0.328870585884175,0.605495484948068
"993",993,0.129635719057163,0.179595855783993,0.177675307911044,0.400805211113755
"994",994,0.23281750762278,0.113465819663578,0.49397940671374,0.424970972710239
"995",995,0.34864254924469,0.225142882925543,0.680873221465524,0.550698630383876
"996",996,0.141554297288438,0.228757058980005,0.527821794119189,0.587860511116004
"997",997,0.188244497526585,0.128185335131212,0.576815072520574,0.45970163118529
"998",998,0.112800371480254,0.235042087955068,0.387438122957613,0.596923177535927
"999",999,0.245924765931014,0.165606995108279,0.535453810341126,0.519017523290482
"1000",1000,0.33321355331997,0.195098733197816,0.540214268187436,0.464513171356551
